{"destinations": [{"id": 1, "name": "Bali, Indonesia", "description": "Experience the beautiful beaches, vibrant culture, and stunning landscapes of Bali.", "image": "bali.jpg", "trend_score": 99.79340225160318}, {"id": 4, "name": "Santorini, Greece", "description": "Relax on the stunning white-washed island with its blue domes and breathtaking sunsets.", "image": "santorini.jpg", "trend_score": 89.95076322833833}, {"id": 2, "name": "Kyoto, Japan", "description": "Discover ancient temples, traditional gardens, and authentic Japanese experiences.", "image": "kyoto.jpg", "trend_score": 88.74225843774386}, {"id": 3, "name": "Amalfi Coast, Italy", "description": "Enjoy breathtaking cliffside views, Mediterranean cuisine, and charming coastal towns.", "image": "amalfi.jpg", "trend_score": 86.9973928464923}, {"id": 5, "name": "Marrakech, Morocco", "description": "Explore the vibrant markets, historic palaces, and rich cultural heritage of this ancient city.", "image": "marrakech.jpg", "trend_score": 82.1057855763552}, {"id": 10, "name": "New York City, USA", "description": "Discover the vibrant energy of the Big Apple with its iconic skyline and diverse neighborhoods.", "image": "nyc.jpg", "trend_score": 81.59954935970029}, {"id": 6, "name": "Cape Town, South Africa", "description": "Discover diverse landscapes from Table Mountain to stunning beaches and wildlife.", "image": "capetown.jpg", "trend_score": 80.46152340107926}, {"id": 7, "name": "Reykjavik, Iceland", "description": "Experience the land of fire and ice with its volcanoes, geysers, and northern lights.", "image": "reykjavik.jpg", "trend_score": 76.23515254775647}, {"id": 8, "name": "Tokyo, Japan", "description": "Experience the perfect blend of traditional culture and cutting-edge technology in Japan's capital.", "image": "tokyo.jpg", "trend_score": 75.25820635505706}, {"id": 9, "name": "Barcelona, Spain", "description": "Enjoy Gaudi's architecture, Mediterranean beaches, and vibrant street life.", "image": "barcelona.jpg", "trend_score": 74.14328304188388}], "timestamp": "2025-03-20T21:40:06.445563"}